sno,name,mobileNumber,email,requirements,companyName
1,Gautam,9912315325,gautam@mail.com,Hello world,ABC
2,Vivek Kumar,9139354323,vivek@mail.com,Hello my name is Vivek.,ACD
3,Sachin kaushik,8700441366,skk4326@gmail.com,testing,qwert
4,Juan Martin,8392342453,juan@gmail.com,I'm going to spain!,Juan the best
5,Ujjwal Kumar,8313243253,ujjwal@gmail.com,GOOD,ABA
6,Mohan lal,7382432543,mohan@gmail.com,ALSW,YUR
7,Loki,9102343245,loki@gmail.com,DFHFA,NCA
8,Joker,9821924315,joker@gmail.com,RTC,TREC
9,Ritik Kumar,9283431543,ritik@gmail.com,HISJW,UJEW
10,Amit Gupta,9182932104,amit@gmail.com,SKAIWA,GDW
11,Kunal,8839253213,kunal@gmail.com,jaksd,ACS